<?xml version="1.0" encoding="UTF-8"?>
<project-private xmlns="http://www.netbeans.org/ns/project-private/1">
    <editor-bookmarks xmlns="http://www.netbeans.org/ns/editor-bookmarks/2" lastBookmarkId="0"/>
    <open-files xmlns="http://www.netbeans.org/ns/projectui-open-files/2">
        <group>
            <file>file:/home/unsis/NetBeansProjects/TraductorM/src/traductor/controller/DiccionarioEaIcontroller.java</file>
            <file>file:/home/unsis/NetBeansProjects/TraductorM/src/traductor/pojo/Palabra.java</file>
            <file>file:/home/unsis/NetBeansProjects/TraductorM/src/traductor/controller/DiccionarioINaEScontroller.java</file>
            <file>file:/home/unsis/NetBeansProjects/TraductorM/src/traductor/model/DiccionarioINaESmodel.java</file>
            <file>file:/home/unsis/NetBeansProjects/TraductorM/src/view/DiseñoTraductorView.java</file>
            <file>file:/home/unsis/NetBeansProjects/TraductorM/src/traductor/model/DiccionarioEaImodel.java</file>
            <file>file:/home/unsis/NetBeansProjects/TraductorM/src/view/Eliminar.java</file>
        </group>
    </open-files>
</project-private>
